Data;13761 - Dívida bruta do governo geral - Saldos em R$ milhões - Metodologia utilizada a partir de 2008 - R$ (milhões)
12/2006;1.336.644,90
01/2007;1.367.451,91
02/2007;1.399.083,71
03/2007;1.423.273,45
04/2007;1.438.854,85
05/2007;1.474.335,20
06/2007;1.499.458,73
07/2007;1.517.874,00
08/2007;1.536.267,53
09/2007;1.533.431,76
10/2007;1.538.287,06
11/2007;1.544.955,73
12/2007;1.542.851,83
01/2008;1.579.474,28
02/2008;1.583.893,92
03/2008;1.599.048,51
04/2008;1.602.356,93
05/2008;1.598.411,02
06/2008;1.612.136,73
07/2008;1.632.713,68
08/2008;1.634.590,62
09/2008;1.656.166,53
10/2008;1.684.285,47
11/2008;1.687.694,48
12/2008;1.740.887,81
01/2009;1.775.483,00
02/2009;1.791.071,99
03/2009;1.812.527,10
04/2009;1.797.074,17
05/2009;1.813.137,25
06/2009;1.859.801,55
07/2009;1.908.617,46
08/2009;1.951.925,05
09/2009;1.962.852,34
10/2009;1.983.867,72
11/2009;1.980.097,86
12/2009;1.973.423,68
01/2010;2.015.576,95
02/2010;2.014.967,24
03/2010;1.947.898,93
04/2010;1.968.164,60
05/2010;1.991.352,70
06/2010;2.010.317,66
07/2010;2.027.615,02
08/2010;2.034.861,82
09/2010;2.057.909,40
10/2010;2.087.755,65
11/2010;2.099.149,01
12/2010;2.011.521,66
01/2011;2.058.854,32
02/2011;2.083.421,75
03/2011;2.112.891,09
04/2011;2.135.389,03
05/2011;2.146.725,96
06/2011;2.177.090,41
07/2011;2.204.280,74
08/2011;2.216.647,64
09/2011;2.226.487,19
10/2011;2.226.255,49
11/2011;2.245.928,13
12/2011;2.243.603,72
01/2012;2.287.084,44
02/2012;2.322.816,00
03/2012;2.366.667,46
04/2012;2.405.973,84
05/2012;2.425.795,73
06/2012;2.449.693,36
07/2012;2.480.227,83
08/2012;2.491.332,22
09/2012;2.542.432,69
10/2012;2.590.520,15
11/2012;2.615.831,55
12/2012;2.583.946,35
01/2013;2.623.366,11
02/2013;2.641.965,88
03/2013;2.663.208,83
04/2013;2.682.330,01
05/2013;2.710.764,58
06/2013;2.715.918,70
07/2013;2.744.022,88
08/2013;2.749.278,71
09/2013;2.747.899,58
10/2013;2.779.361,47
11/2013;2.783.266,92
12/2013;2.747.996,71
01/2014;2.829.599,14
02/2014;2.816.714,17
03/2014;2.835.759,16
04/2014;2.865.058,28
05/2014;2.895.819,41
06/2014;2.941.138,57
07/2014;2.983.108,33
08/2014;3.034.679,53
09/2014;3.132.133,12
10/2014;3.168.712,96
11/2014;3.217.851,37
12/2014;3.252.448,55
01/2015;3.315.324,38
02/2015;3.386.880,84
03/2015;3.480.229,29
04/2015;3.468.109,37
05/2015;3.538.708,31
06/2015;3.588.440,40
07/2015;3.684.950,96
08/2015;3.743.680,99
09/2015;3.789.051,79
10/2015;3.813.936,88
11/2015;3.844.680,88
12/2015;3.927.523,06
01/2016;3.992.779,14
02/2016;4.017.298,55
03/2016;4.005.700,25
04/2016;4.039.289,28
05/2016;4.113.898,58
06/2016;4.130.830,60
07/2016;4.213.993,30
08/2016;4.272.828,76
09/2016;4.329.703,13
10/2016;4.330.508,19
11/2016;4.418.424,09
12/2016;4.378.486,39
01/2017;4.399.046,84
02/2017;4.450.006,77
03/2017;4.527.003,45
04/2017;4.547.705,05
05/2017;4.633.516,80
06/2017;4.674.598,72
07/2017;4.722.126,38
08/2017;4.768.883,31
09/2017;4.789.341,59
10/2017;4.837.222,06
11/2017;4.852.557,49
12/2017;4.854.678,59
01/2018;4.904.275,23
02/2018;4.957.219,32
03/2018;4.984.707,60
04/2018;5.045.749,25
05/2018;5.133.267,76
06/2018;5.165.402,55
07/2018;5.186.540,04
08/2018;5.223.985,95
09/2018;5.246.734,28
10/2018;5.231.391,55
11/2018;5.284.132,65
12/2018;5.271.982,26
01/2019;5.302.682,27
02/2019;5.336.549,58
03/2019;5.430.959,00
04/2019;5.479.642,90
05/2019;5.480.569,48
06/2019;5.498.994,83
07/2019;5.540.964,87
08/2019;5.617.716,11
09/2019;5.580.374,85
10/2019;5.549.355,51
11/2019;5.602.290,22
12/2019;5.500.104,16
01/2020;5.550.452,10
02/2020;5.611.015,18
03/2020;5.758.363,33
04/2020;5.817.892,36
05/2020;5.929.085,15
06/2020;6.153.523,83
07/2020;6.210.041,66
08/2020;6.389.754,50
09/2020;6.533.712,36
10/2020;6.574.653,33
11/2020;6.558.571,31
12/2020;6.615.755,20
01/2021;6.670.267,06
02/2021;6.744.244,12
03/2021;6.721.063,14
04/2021;6.665.275,15
05/2021;6.696.353,78
06/2021;6.729.562,39
07/2021;6.797.927,95
08/2021;6.849.857,48
09/2021;6.939.728,60
10/2021;7.009.119,32
11/2021;6.978.912,93
12/2021;6.966.925,20
01/2022;6.973.243,10
02/2022;7.001.664,30
03/2022;7.009.269,27
04/2022;7.075.133,23
05/2022;7.098.469,68
06/2022;7.174.528,52
07/2022;7.217.112,27
08/2022;7.231.619,18
09/2022;7.262.409,90
10/2022;7.297.886,22
11/2022;7.290.852,55
12/2022;7.224.882,23
01/2023;7.257.238,78
02/2023;7.351.858,08
03/2023;7.398.049,66
04/2023;7.456.708,22
05/2023;7.563.933,30
06/2023;7.594.036,70
07/2023;7.685.542,67
08/2023;7.771.630,84
09/2023;7.826.080,16
10/2023;7.913.479,78
11/2023;7.972.577,48
12/2023;8.079.270,02
01/2024;8.210.714,54
02/2024;8.301.795,56
03/2024;8.347.113,99
04/2024;8.424.193,19
05/2024;8.522.783,42
06/2024;8.691.534,95
07/2024;8.826.381,74
08/2024;8.898.037,21
09/2024;8.928.002,71
10/2024;9.031.877,39
11/2024;9.091.103,83
12/2024;8.984.236,59
01/2025;8.939.978,05
02/2025;9.045.259,98
03/2025;9.095.938,27
04/2025;9.176.310,11
05/2025;9.264.686,01
06/2025;9.388.792,92
07/2025;9.555.157,65
08/2025;9.619.767,41
Fonte;BCB-DSTAT
